{
  "cccd": "031089011929",
  "main_company": {
    "company_name": "CÔNG TY TNHH THƯƠNG MẠI DỊCH VỤ XUẤT NHẬP KHẨU PHƯỚC THIÊN",
    "tax_code": "0311869917",
    "representative": "Phạm Văn Khoa",
    "address": "41 Đường số 2, KĐT Vạn Phúc, Phường Hiệp Bình Phước, Thành phố Thủ Đức, Thành phố Hồ Chí Minh, Việt Nam"
  },
  "branch_office": {
    "office_name": "VĂN PHÒNG ĐẠI DIỆN CÔNG TY TNHH THƯƠNG MẠI DỊCH VỤ XUẤT NHẬP KHẨU PHƯỚC THIÊN",
    "tax_code": "0311869917-002",
    "representative": "PHẠM VĂN KHOA",
    "address": "42 Nguyễn Văn Cừ, Phường Cầu Kho, Quận 1, Thành phố Hồ Chí Minh, Việt Nam"
  }
}