{
  "form_structure": {
    "error": "Client error '403 Forbidden' for url 'https://masothue.com/tra-cuu-ma-so-thue-ca-nhan/'\nFor more information check: https://developer.mozilla.org/en-US/docs/Web/HTTP/Status/403"
  },
  "api_endpoints": {
    "search_endpoint": {
      "url": "https://masothue.com/Search/",
      "method": "POST",
      "description": "Tìm kiếm mã số thuế cá nhân"
    },
    "profile_endpoint": {
      "url": "https://masothue.com/[tax_code]-[name]",
      "method": "GET",
      "description": "Lấy thông tin chi tiết profile"
    },
    "homepage": {
      "url": "https://masothue.com",
      "method": "GET",
      "description": "Trang chủ"
    }
  },
  "request_format": {
    "search_request": {
      "method": "POST",
      "url": "https://masothue.com/Search/",
      "headers": {
        "Content-Type": "application/x-www-form-urlencoded",
        "Referer": "https://masothue.com/tra-cuu-ma-so-thue-ca-nhan/",
        "Origin": "https://masothue.com"
      },
      "data_formats": [
        {
          "format": "form_data",
          "fields": {
            "q": "037178000015",
            "type": "personal"
          }
        },
        {
          "format": "query_params",
          "fields": {
            "q": "037178000015"
          }
        }
      ]
    },
    "profile_request": {
      "method": "GET",
      "url_pattern": "https://masothue.com/[tax_code]-[name]",
      "headers": {
        "Referer": "https://masothue.com/tra-cuu-ma-so-thue-ca-nhan/"
      }
    }
  },
  "response_format": {
    "status_code": 403,
    "headers": {
      "date": "Mon, 08 Sep 2025 09:39:49 GMT",
      "content-type": "text/html; charset=UTF-8",
      "transfer-encoding": "chunked",
      "connection": "close",
      "accept-ch": "Sec-CH-UA-Bitness, Sec-CH-UA-Arch, Sec-CH-UA-Full-Version, Sec-CH-UA-Mobile, Sec-CH-UA-Model, Sec-CH-UA-Platform-Version, Sec-CH-UA-Full-Version-List, Sec-CH-UA-Platform, Sec-CH-UA, UA-Bitness, UA-Arch, UA-Full-Version, UA-Mobile, UA-Model, UA-Platform-Version, UA-Platform, UA",
      "cf-mitigated": "challenge",
      "critical-ch": "Sec-CH-UA-Bitness, Sec-CH-UA-Arch, Sec-CH-UA-Full-Version, Sec-CH-UA-Mobile, Sec-CH-UA-Model, Sec-CH-UA-Platform-Version, Sec-CH-UA-Full-Version-List, Sec-CH-UA-Platform, Sec-CH-UA, UA-Bitness, UA-Arch, UA-Full-Version, UA-Mobile, UA-Model, UA-Platform-Version, UA-Platform, UA",
      "cross-origin-embedder-policy": "require-corp",
      "cross-origin-opener-policy": "same-origin",
      "cross-origin-resource-policy": "same-origin",
      "origin-agent-cluster": "?1",
      "permissions-policy": "accelerometer=(),autoplay=(),browsing-topics=(),camera=(),clipboard-read=(),clipboard-write=(),geolocation=(),gyroscope=(),hid=(),interest-cohort=(),magnetometer=(),microphone=(),payment=(),publickey-credentials-get=(),screen-wake-lock=(),serial=(),sync-xhr=(),usb=()",
      "referrer-policy": "same-origin",
      "server-timing": "chlray;desc=\"97bd7b1be90239a0\", cfOrigin;dur=0,cfEdge;dur=17, cfL4;desc=\"?proto=TCP&rtt=2489&min_rtt=2458&rtt_var=944&sent=4&recv=7&lost=0&retrans=0&sent_bytes=2840&recv_bytes=1442&delivery_rate=1178193&cwnd=75&unsent_bytes=0&cid=fb5aa48a34a08524&ts=27&x=0\"",
      "x-content-type-options": "nosniff",
      "x-frame-options": "SAMEORIGIN",
      "cache-control": "private, max-age=0, no-store, no-cache, must-revalidate, post-check=0, pre-check=0",
      "expires": "Thu, 01 Jan 1970 00:00:01 GMT",
      "report-to": "{\"endpoints\":[{\"url\":\"https:\\/\\/a.nel.cloudflare.com\\/report\\/v4?s=yHjSYEM0MS6BWVB23YAbLM%2F64hZc5HSFfbK6cYoiOH2VAPr0zsdNqrUITmZ%2Bfsw0S8YLtqcOgMlV4R%2FLlBKCrEY%2B%2BqTHZTY2EiBm6%2BYxqFIVVD2aQjqT%2B0QSq0xxdw%3D%3D\"}],\"group\":\"cf-nel\",\"max_age\":604800}",
      "nel": "{\"success_fraction\":0,\"report_to\":\"cf-nel\",\"max_age\":604800}",
      "vary": "Accept-Encoding",
      "server": "cloudflare",
      "cf-ray": "97bd7b1be90239a0-IAD",
      "content-encoding": "br",
      "alt-svc": "h3=\":443\"; ma=86400"
    },
    "content_type": "text/html; charset=UTF-8",
    "content_length": 5193,
    "html_structure": {},
    "data_fields": [],
    "error_messages": []
  },
  "validation_rules": {
    "cccd_validation": {
      "format": "12 digits",
      "pattern": "^\\d{12}$",
      "required": true,
      "description": "Số CCCD phải có đúng 12 chữ số"
    },
    "tax_code_validation": {
      "format": "10-13 digits",
      "pattern": "^\\d{10,13}$",
      "required": false,
      "description": "Mã số thuế có thể có 10-13 chữ số"
    },
    "name_validation": {
      "format": "Vietnamese text",
      "pattern": "^[a-zA-ZÀÁÂÃÈÉÊÌÍÒÓÔÕÙÚĂĐĨŨƠàáâãèéêìíòóôõùúăđĩũơƯĂÂÊÔưăâêô\\s]+$",
      "required": true,
      "description": "Tên phải là tiếng Việt"
    }
  },
  "error_handling": {
    "http_errors": {
      "403": "Forbidden - Anti-bot protection",
      "404": "Not Found - Invalid endpoint",
      "500": "Internal Server Error",
      "429": "Too Many Requests - Rate limiting"
    },
    "validation_errors": {
      "invalid_cccd": "Số CCCD không hợp lệ",
      "cccd_not_found": "Không tìm thấy thông tin cho CCCD này",
      "empty_input": "Vui lòng nhập số CCCD"
    },
    "retry_strategies": {
      "exponential_backoff": true,
      "max_retries": 3,
      "base_delay": 1.0,
      "max_delay": 10.0
    }
  },
  "security_measures": {
    "anti_bot_protection": {
      "user_agent_validation": true,
      "referer_check": true,
      "rate_limiting": true,
      "ip_blocking": true
    },
    "headers_required": [
      "User-Agent",
      "Accept",
      "Accept-Language",
      "Referer",
      "Origin"
    ],
    "cookies_required": false,
    "csrf_protection": false,
    "captcha_required": false
  }
}