{
  "analysis_date": "2025-09-08T18:09:31.186949",
  "total_records": 40,
  "province_distribution": {
    "001": 25,
    "036": 1,
    "024": 1,
    "033": 2,
    "077": 1,
    "038": 1,
    "019": 1,
    "035": 1,
    "025": 1,
    "027": 1,
    "037": 1,
    "079": 1,
    "046": 1,
    "026": 1,
    "040": 1
  },
  "birth_year_distribution": {
    "1961": 1,
    "1980": 7,
    "1973": 5,
    "1978": 4,
    "1979": 4,
    "1977": 2,
    "1970": 2,
    "1967": 1,
    "1962": 1,
    "1963": 1,
    "1975": 2,
    "1956": 2,
    "1951": 1,
    "1976": 2,
    "1968": 2,
    "1972": 1,
    "1969": 1,
    "1964": 1
  },
  "gender_distribution": {
    "Nữ": 13,
    "Nam": 27
  },
  "location_distribution": {
    "Hà Nội": 39,
    "Bà Rịa - Vũng Tàu": 1
  },
  "recommendations": {
    "1. Tối ưu hóa mã tỉnh/thành": {
      "description": "Sử dụng các mã tỉnh có tỷ lệ thành công cao",
      "priority": "HIGH",
      "details": [
        "001 (Hà Nội): Tỷ lệ thành công cao nhất",
        "036, 033, 024, 038: Các mã tỉnh khác có dữ liệu",
        "Tránh các mã tỉnh ít dữ liệu hoặc không có dữ liệu"
      ]
    },
    "2. Tối ưu hóa năm sinh": {
      "description": "Tập trung vào các năm sinh có nhiều dữ liệu",
      "priority": "HIGH",
      "details": [
        "1970-1980: Khoảng tuổi có nhiều dữ liệu nhất",
        "1960-1970: Khoảng tuổi trung niên có dữ liệu",
        "Tránh các năm sinh quá cũ (trước 1950) hoặc quá mới (sau 1990)"
      ]
    },
    "3. Cân bằng giới tính": {
      "description": "Tạo dữ liệu cân bằng giữa nam và nữ",
      "priority": "MEDIUM",
      "details": [
        "Tỷ lệ nữ: 60-70% (phù hợp với dữ liệu thực tế)",
        "Tỷ lệ nam: 30-40%",
        "Sử dụng tên phù hợp với giới tính"
      ]
    },
    "4. Tối ưu hóa địa chỉ": {
      "description": "Sử dụng địa chỉ thực tế và phổ biến",
      "priority": "HIGH",
      "details": [
        "Tập trung vào Hà Nội (80% dữ liệu)",
        "Sử dụng địa chỉ thực tế từ các quận/huyện phổ biến",
        "Tránh địa chỉ giả hoặc không tồn tại"
      ]
    },
    "5. Cải thiện pattern CCCD": {
      "description": "Tạo CCCD có pattern giống thực tế",
      "priority": "CRITICAL",
      "details": [
        "Tránh CCCD có quá nhiều số 0 liên tiếp",
        "Tránh CCCD có pattern lặp lại (111111, 222222...)",
        "Sử dụng số ngẫu nhiên nhưng có logic"
      ]
    },
    "6. Tối ưu hóa mã BHXH": {
      "description": "Tạo mã BHXH phù hợp với địa phương",
      "priority": "MEDIUM",
      "details": [
        "010: Mã BHXH Hà Nội (phổ biến nhất)",
        "012: Mã BHXH khác (có thể dùng)",
        "Đảm bảo mã BHXH khớp với mã tỉnh CCCD"
      ]
    }
  },
  "optimization_strategy": {
    "province_distribution": {
      "001": 0.6,
      "036": 0.1,
      "033": 0.1,
      "024": 0.1,
      "038": 0.1
    },
    "birth_year_distribution": {
      "1970-1975": 0.3,
      "1975-1980": 0.3,
      "1965-1970": 0.2,
      "1960-1965": 0.1,
      "1980-1985": 0.1
    },
    "gender_distribution": {
      "Nữ": 0.65,
      "Nam": 0.35
    },
    "cccd_pattern_rules": {
      "avoid_consecutive_zeros": true,
      "avoid_repeated_digits": true,
      "use_realistic_sequences": true,
      "min_variation": 0.3
    },
    "address_strategy": {
      "primary_location": "Hà Nội",
      "use_real_districts": true,
      "realistic_addresses": true
    }
  }
}