cccd,check_cccd_data,doanh_nghiep_data,bhxh_data
973480090559,{},{},{}
956744917441,{},{},{}
316485272278,{},{},{}
075675286809,{},{},{}
404620500705,{},{},{}
950957652668,{},{},{}
360685402062,{},{},{}
751793455702,{},{},{}
576240292125,{},{},{}
198455791139,{},{},{}
293736879592,{},{},{}
661771461856,{},{},{}
226688012732,{},{},{}
892576736833,{},{},{}
702459497508,{},{},{}
371674783533,{},{},{}
474719883115,{},{},{}
194008361992,{},{},{}
351504880281,{},{},{}
445279514674,{},{},{}
246056481524,{},{},{}
139650608798,{},{},{}
635277496303,{},{},{}
162766105051,{},{},{}
567001648081,{},{},{}
667622298264,{},{},{}
807597579945,{},{},{}
334323421820,{},{},{}
543695631154,{},{},{}
235217705589,{},{},{}
199484023695,{},{},{}
403629182156,{},{},{}
107414814121,{},{},{}
098094954943,{},{},{}
598707186890,{},{},{}
490121972179,{},{},{}
189340335347,{},{},{}
501489561361,{},{},{}
276124194706,{},{},{}
974116696988,{},{},{}
779500718133,{},{},{}
306397696428,{},{},{}
213523227368,{},{},{}
232027762553,{},{},{}
552462284069,{},{},{}
418124972931,{},{},{}
817509210315,{},{},{}
084841338067,{},{},{}
055055996332,{},{},{}
436326770066,{},{},{}
088904485321,{},{},{}
157667176804,{},{},{}
079831383583,{},{},{}
050491865962,{},{},{}
131675117161,{},{},{}
320785353500,{},{},{}
182698502668,{},{},{}
529788439032,{},{},{}
806415919025,{},{},{}
718480728218,{},{},{}
993444223806,{},{},{}
509251704455,{},{},{}
245658027638,{},{},{}
129954634520,{},{},{}
938894626738,{},{},{}
394313012016,{},{},{}
243723360957,{},{},{}
025471666647,{},{},{}
057852670575,{},{},{}
440581068686,{},{},{}
296931284562,{},{},{}
458325233633,{},{},{}
932160518591,{},{},{}
439766351798,{},{},{}
020692006993,{},{},{}
596412994792,{},{},{}
705018527483,{},{},{}
076707507546,{},{},{}
403949207091,{},{},{}
563874584326,{},{},{}
458940521494,{},{},{}
240276678514,{},{},{}
815465636906,{},{},{}
947480365406,{},{},{}
658960899390,{},{},{}
081359886303,{},{},{}
477791490908,{},{},{}
802095734551,{},{},{}
796662844611,{},{},{}
372461098051,{},{},{}
380416402154,{},{},{}
330586321598,{},{},{}
115409744242,{},{},{}
248533493375,{},{},{}
869227639419,{},{},{}
543471158961,{},{},{}
989959668160,{},{},{}
853105383627,{},{},{}
298759974544,{},{},{}
191481865973,{},{},{}
270049242298,{},{},{}
881317952603,{},{},{}
180415228911,{},{},{}
485848464217,{},{},{}
089266200366,{},{},{}
383185995479,{},{},{}
196006644796,{},{},{}
396554856672,{},{},{}
841551505633,{},{},{}
210361635487,{},{},{}
060796704979,{},{},{}
623142173337,{},{},{}
764140508829,{},{},{}
471186982855,{},{},{}
994799685982,{},{},{}
943357691730,{},{},{}
519810052467,{},{},{}
662802740991,{},{},{}
783014669590,{},{},{}
716970244992,{},{},{}
510117871921,{},{},{}
152309213436,{},{},{}
326519680343,{},{},{}
677642635274,{},{},{}
600894403824,{},{},{}
387101487571,{},{},{}
768690255218,{},{},{}
558957204596,{},{},{}
591814408521,{},{},{}
254576951342,{},{},{}
093785259797,{},{},{}
905811368080,{},{},{}
027793939475,{},{},{}
029624576282,{},{},{}
140572692339,{},{},{}
093656931612,{},{},{}
821160164220,{},{},{}
147894675340,{},{},{}
061195428019,{},{},{}
357992106717,{},{},{}
907606696967,{},{},{}
586327206257,{},{},{}
455739026396,{},{},{}
550757454625,{},{},{}
041612260387,{},{},{}
641085688283,{},{},{}
896009031588,{},{},{}
829943583374,{},{},{}
614010611839,{},{},{}
536300894168,{},{},{}
390629255105,{},{},{}
323339482344,{},{},{}
457113138915,{},{},{}
337849148416,{},{},{}
198029650197,{},{},{}
893995783123,{},{},{}
705864991558,{},{},{}
266267954078,{},{},{}
253669844554,{},{},{}
511834444638,{},{},{}
895012834192,{},{},{}
839773495093,{},{},{}
601245388866,{},{},{}
485414931168,{},{},{}
596895401238,{},{},{}
927854982898,{},{},{}
015775317763,{},{},{}
558813573222,{},{},{}
701839617424,{},{},{}
832642227619,{},{},{}
112438351313,{},{},{}
847140916236,{},{},{}
718624657450,{},{},{}
399846889899,{},{},{}
583309079647,{},{},{}
127935295181,{},{},{}
612862441692,{},{},{}
490781628852,{},{},{}
649874613648,{},{},{}
340328885721,{},{},{}
473850214536,{},{},{}
453572318591,{},{},{}
330260315327,{},{},{}
878015380954,{},{},{}
427027273154,{},{},{}
845816228465,{},{},{}
073250268053,{},{},{}
166283618565,{},{},{}
511754678407,{},{},{}
123814047699,{},{},{}
446674868385,{},{},{}
594180873536,{},{},{}
228523146666,{},{},{}
600397274088,{},{},{}
651619363447,{},{},{}
970082561573,{},{},{}
566527595390,{},{},{}
263839631215,{},{},{}
019946606119,{},{},{}
609388797197,{},{},{}
490454124852,{},{},{}
564442223205,{},{},{}
813564491310,{},{},{}
932451925184,{},{},{}
480951493923,{},{},{}
065613620198,{},{},{}
612719495491,{},{},{}
381627225834,{},{},{}
707135227821,{},{},{}
706244601391,{},{},{}
637069169881,{},{},{}
047891079825,{},{},{}
125220630128,{},{},{}
131855517169,{},{},{}
433258171465,{},{},{}
367688581791,{},{},{}
629911508979,{},{},{}
870306895593,{},{},{}
003980571502,{},{},{}
740810886452,{},{},{}
273482802644,{},{},{}
103116902489,{},{},{}
844763921387,{},{},{}
792800178529,{},{},{}
744894113246,{},{},{}
641924499868,{},{},{}
031416791878,{},{},{}
534824427579,{},{},{}
076488146494,{},{},{}
435979964548,{},{},{}
604209942064,{},{},{}
790503223861,{},{},{}
515242612474,{},{},{}
347785137622,{},{},{}
476600681674,{},{},{}
603952977915,{},{},{}
590110510470,{},{},{}
806143796907,{},{},{}
847512062046,{},{},{}
993776958348,{},{},{}
635344588722,{},{},{}
248745685190,{},{},{}
092251106721,{},{},{}
230170541882,{},{},{}
325196229582,{},{},{}
745491117685,{},{},{}
302745133734,{},{},{}
030113529583,{},{},{}
703704632352,{},{},{}
550583809253,{},{},{}
602407761540,{},{},{}
593320385851,{},{},{}
538783769283,{},{},{}
508687085662,{},{},{}
260756713943,{},{},{}
208593276121,{},{},{}
472923783635,{},{},{}
839402020446,{},{},{}
889866642783,{},{},{}
399745734363,{},{},{}
992535526175,{},{},{}
235450172579,{},{},{}
379302408861,{},{},{}
052490861569,{},{},{}
930773611022,{},{},{}
567559968202,{},{},{}
860877537409,{},{},{}
695360120182,{},{},{}
560404244921,{},{},{}
621878203817,{},{},{}
527456163406,{},{},{}
032905588221,{},{},{}
389540536805,{},{},{}
430108992693,{},{},{}
917462283261,{},{},{}
880305743394,{},{},{}
969980411123,{},{},{}
794297113352,{},{},{}
571620464686,{},{},{}
577026004041,{},{},{}
502757249977,{},{},{}
057618845370,{},{},{}
163618692255,{},{},{}
670339410589,{},{},{}
487693385970,{},{},{}
084659245829,{},{},{}
739152042861,{},{},{}
019490707785,{},{},{}
421003716041,{},{},{}
284879210260,{},{},{}
646484635389,{},{},{}
283174544669,{},{},{}
111256385520,{},{},{}
223918788968,{},{},{}
904134340178,{},{},{}
134475090244,{},{},{}
951581795330,{},{},{}
256037818166,{},{},{}
180003357779,{},{},{}
591855792860,{},{},{}
076613364472,{},{},{}
793822663583,{},{},{}
083780104658,{},{},{}
396886075146,{},{},{}
039605180123,{},{},{}
870260519495,{},{},{}
307505765060,{},{},{}
609174632170,{},{},{}
650461433356,{},{},{}
882098844182,{},{},{}
940712781308,{},{},{}
878740481818,{},{},{}
306544549963,{},{},{}
265455332198,{},{},{}
248746191278,{},{},{}
576318818729,{},{},{}
318982056535,{},{},{}
877841808232,{},{},{}
476164082239,{},{},{}
431950487194,{},{},{}
486328302514,{},{},{}
817635038644,{},{},{}
739373202426,{},{},{}
865588337577,{},{},{}
701496033409,{},{},{}
138944479523,{},{},{}
089772529866,{},{},{}
598360392351,{},{},{}
125839970793,{},{},{}
841834333065,{},{},{}
340776825317,{},{},{}
334695474149,{},{},{}
193800726859,{},{},{}
741457032646,{},{},{}
778346186045,{},{},{}
192068144839,{},{},{}
481171224706,{},{},{}
336075955572,{},{},{}
951400000234,{},{},{}
301782354374,{},{},{}
825343295347,{},{},{}
793477266960,{},{},{}
819946622232,{},{},{}
944197693544,{},{},{}
107751832846,{},{},{}
045214841526,{},{},{}
174572873630,{},{},{}
067224707852,{},{},{}
358529394058,{},{},{}
577795671514,{},{},{}
409769850308,{},{},{}
946711273494,{},{},{}
151322958942,{},{},{}
540909370011,{},{},{}
198965977756,{},{},{}
630169107575,{},{},{}
614923611507,{},{},{}
739976188236,{},{},{}
101788689459,{},{},{}
924701995316,{},{},{}
168427353636,{},{},{}
198227980090,{},{},{}
515326665878,{},{},{}
725241992268,{},{},{}
421037634568,{},{},{}
504570660814,{},{},{}
320727773468,{},{},{}
629224276070,{},{},{}
465256448356,{},{},{}
589672697654,{},{},{}
593430646941,{},{},{}
122363095349,{},{},{}
276490274793,{},{},{}
401801967394,{},{},{}
484551072739,{},{},{}
011373457710,{},{},{}
846815962245,{},{},{}
830417942860,{},{},{}
445780491257,{},{},{}
866710206535,{},{},{}
090457659125,{},{},{}
454911329359,{},{},{}
821344037580,{},{},{}
694766167133,{},{},{}
687365314706,{},{},{}
968325746673,{},{},{}
174440519246,{},{},{}
998008812355,{},{},{}
103301087631,{},{},{}
894986451705,{},{},{}
224083290060,{},{},{}
365399780261,{},{},{}
696735692046,{},{},{}
836355200068,{},{},{}
763904338056,{},{},{}
767698566330,{},{},{}
812885059984,{},{},{}
524643638943,{},{},{}
371316176635,{},{},{}
669353090318,{},{},{}
595538822713,{},{},{}
398114475715,{},{},{}
608688218301,{},{},{}
420107280888,{},{},{}
579166759513,{},{},{}
950666424379,{},{},{}
561626971038,{},{},{}
079307544289,{},{},{}
995169959817,{},{},{}
989947197892,{},{},{}
128131908261,{},{},{}
407949494785,{},{},{}
191503088146,{},{},{}
059311445884,{},{},{}
851283041305,{},{},{}
861614068138,{},{},{}
640134119970,{},{},{}
238806133536,{},{},{}
159588519657,{},{},{}
995198076310,{},{},{}
804675057279,{},{},{}
070134140102,{},{},{}
362915543868,{},{},{}
506451722597,{},{},{}
601206961596,{},{},{}
373408429435,{},{},{}
189495165708,{},{},{}
588924673406,{},{},{}
488034471027,{},{},{}
426150192611,{},{},{}
257908890745,{},{},{}
515335681468,{},{},{}
692040713808,{},{},{}
752837888445,{},{},{}
846556149951,{},{},{}
342203718356,{},{},{}
038645103428,{},{},{}
678661782499,{},{},{}
199972766663,{},{},{}
600034232671,{},{},{}
323367845441,{},{},{}
132949109313,{},{},{}
521283125772,{},{},{}
053000740913,{},{},{}
545924996685,{},{},{}
814230903298,{},{},{}
157968905094,{},{},{}
110509104874,{},{},{}
070247671236,{},{},{}
082246766518,{},{},{}
315368250359,{},{},{}
757242707079,{},{},{}
861424930635,{},{},{}
675890112039,{},{},{}
213512152349,{},{},{}
430649523317,{},{},{}
474025682850,{},{},{}
734419005642,{},{},{}
500787656405,{},{},{}
623744711038,{},{},{}
772712465848,{},{},{}
125780872803,{},{},{}
201621474546,{},{},{}
359802037959,{},{},{}
689993855704,{},{},{}
939167254556,{},{},{}
100131035443,{},{},{}
365880241322,{},{},{}
397421639348,{},{},{}
988517466414,{},{},{}
658173752938,{},{},{}
031581546629,{},{},{}
432435076526,{},{},{}
624172290295,{},{},{}
292128491468,{},{},{}
782335547637,{},{},{}
891417038054,{},{},{}
096942032745,{},{},{}
356755219496,{},{},{}
470727462900,{},{},{}
825639425922,{},{},{}
374030788496,{},{},{}
230973318419,{},{},{}
045239236275,{},{},{}
649331409520,{},{},{}
747958281335,{},{},{}
720286630358,{},{},{}
306378757270,{},{},{}
504698760867,{},{},{}
424749226722,{},{},{}
088701568584,{},{},{}
520951914904,{},{},{}
888801055636,{},{},{}
624945255011,{},{},{}
028432312866,{},{},{}
949369856134,{},{},{}
453368212673,{},{},{}
936500208800,{},{},{}
385050492126,{},{},{}
911241140647,{},{},{}
281904362406,{},{},{}
692673275726,{},{},{}
765059308793,{},{},{}
120929718689,{},{},{}
844281541529,{},{},{}
090702129032,{},{},{}
468802843256,{},{},{}
144320592239,{},{},{}
668152918230,{},{},{}
886146824068,{},{},{}
014297052323,{},{},{}
059471081558,{},{},{}
656478803617,{},{},{}
935281519699,{},{},{}
027119638705,{},{},{}
040878313914,{},{},{}
719216943392,{},{},{}
351212565419,{},{},{}
209570361944,{},{},{}
845702179383,{},{},{}
711176568286,{},{},{}
116990942988,{},{},{}
882030282438,{},{},{}
597010211970,{},{},{}
313603371516,{},{},{}
157865955462,{},{},{}
890863069533,{},{},{}
391980556166,{},{},{}
881018628654,{},{},{}
534126914101,{},{},{}
082107328521,{},{},{}
923922907165,{},{},{}
277397766093,{},{},{}
335165325379,{},{},{}
514891444948,{},{},{}
531839165722,{},{},{}
189913443673,{},{},{}
479378100453,{},{},{}
034743571275,{},{},{}
578126580063,{},{},{}
501019541775,{},{},{}
275231602585,{},{},{}
045311208168,{},{},{}
520964900975,{},{},{}
678740886889,{},{},{}
074915186148,{},{},{}
226725368657,{},{},{}
809257765663,{},{},{}
421682099364,{},{},{}
146133454295,{},{},{}
757287626323,{},{},{}
972654537591,{},{},{}
565570411450,{},{},{}
609877393633,{},{},{}
477333076367,{},{},{}
520321623338,{},{},{}
990650145041,{},{},{}
498118179895,{},{},{}
432054873732,{},{},{}
898974949023,{},{},{}
286971328752,{},{},{}
260997000857,{},{},{}
530232448696,{},{},{}
644611611340,{},{},{}
024575778765,{},{},{}
278225306512,{},{},{}
753087115712,{},{},{}
587907357573,{},{},{}
784151115197,{},{},{}
240902345940,{},{},{}
381141876214,{},{},{}
152209644734,{},{},{}
608054903298,{},{},{}
697158369001,{},{},{}
278904207503,{},{},{}
184242600179,{},{},{}
215683115021,{},{},{}
811852694606,{},{},{}
249318809477,{},{},{}
811675685773,{},{},{}
983694749289,{},{},{}
884180817359,{},{},{}
704324411416,{},{},{}
914900696664,{},{},{}
172699053178,{},{},{}
096416106563,{},{},{}
527346010282,{},{},{}
341450443160,{},{},{}
524547104584,{},{},{}
966496530326,{},{},{}
008913216340,{},{},{}
471780871395,{},{},{}
852545778636,{},{},{}
969383528468,{},{},{}
067572013351,{},{},{}
584803579013,{},{},{}
409616048202,{},{},{}
603454541930,{},{},{}
390406363681,{},{},{}
300079485619,{},{},{}
088705720370,{},{},{}
028283761657,{},{},{}
219094052681,{},{},{}
047198145061,{},{},{}
667727893872,{},{},{}
125485277800,{},{},{}
440941789323,{},{},{}
378078620695,{},{},{}
734688382184,{},{},{}
872150610145,{},{},{}
292891524300,{},{},{}
524694705959,{},{},{}
265967396443,{},{},{}
898208811366,{},{},{}
622199705856,{},{},{}
074581961198,{},{},{}
900265169648,{},{},{}
472951823512,{},{},{}
127741171170,{},{},{}
885007887440,{},{},{}
421128035409,{},{},{}
407897017035,{},{},{}
898569529066,{},{},{}
341978490986,{},{},{}
134104982229,{},{},{}
458653670563,{},{},{}
734169390762,{},{},{}
923065197139,{},{},{}
112071577580,{},{},{}
140429065680,{},{},{}
599027313501,{},{},{}
469648134055,{},{},{}
448492233273,{},{},{}
396795418671,{},{},{}
238947895429,{},{},{}
414042476391,{},{},{}
619387924641,{},{},{}
496565683288,{},{},{}
110020492076,{},{},{}
910978113086,{},{},{}
047489728860,{},{},{}
034618637074,{},{},{}
215009320252,{},{},{}
653083892613,{},{},{}
875414757268,{},{},{}
093976595886,{},{},{}
813112208095,{},{},{}
620640133361,{},{},{}
090917618539,{},{},{}
150433260254,{},{},{}
224926073102,{},{},{}
596708157541,{},{},{}
695947390619,{},{},{}
547129239336,{},{},{}
933655380743,{},{},{}
817097802806,{},{},{}
046055408278,{},{},{}
720718065285,{},{},{}
519038816155,{},{},{}
105691350008,{},{},{}
059054233309,{},{},{}
097625900005,{},{},{}
173965693853,{},{},{}
153068755355,{},{},{}
288658699484,{},{},{}
438619626314,{},{},{}
051519313651,{},{},{}
032352274030,{},{},{}
916555052362,{},{},{}
867760898418,{},{},{}
058175513769,{},{},{}
829081060610,{},{},{}
967261708060,{},{},{}
556177468520,{},{},{}
120189771537,{},{},{}
372065307802,{},{},{}
045522045986,{},{},{}
222744769542,{},{},{}
201707588655,{},{},{}
632201799221,{},{},{}
045503670426,{},{},{}
465547190222,{},{},{}
337346471408,{},{},{}
173233811535,{},{},{}
853458843895,{},{},{}
604965973108,{},{},{}
569043594802,{},{},{}
290386476846,{},{},{}
720379085370,{},{},{}
593828631573,{},{},{}
734822590100,{},{},{}
103759961807,{},{},{}
705589661167,{},{},{}
592334636998,{},{},{}
867687407612,{},{},{}
832944153628,{},{},{}
056124182648,{},{},{}
860815909295,{},{},{}
399877238516,{},{},{}
686246892792,{},{},{}
469304791521,{},{},{}
556456337918,{},{},{}
268771413994,{},{},{}
201474539776,{},{},{}
521890395418,{},{},{}
759888038201,{},{},{}
064693709455,{},{},{}
440393949274,{},{},{}
610205597177,{},{},{}
358521178854,{},{},{}
031649257869,{},{},{}
318289230457,{},{},{}
991235847088,{},{},{}
750729439920,{},{},{}
421403607824,{},{},{}
626410897726,{},{},{}
916185025292,{},{},{}
418802669724,{},{},{}
690796269533,{},{},{}
352713909382,{},{},{}
495854534178,{},{},{}
165047965735,{},{},{}
450801392843,{},{},{}
781090567688,{},{},{}
407968756857,{},{},{}
695227246518,{},{},{}
055660672511,{},{},{}
884162141060,{},{},{}
646293028783,{},{},{}
998910194084,{},{},{}
150039905103,{},{},{}
498807663657,{},{},{}
870853955085,{},{},{}
305176414095,{},{},{}
529394213974,{},{},{}
361664306273,{},{},{}
217880645006,{},{},{}
984323084043,{},{},{}
100587947419,{},{},{}
994619558006,{},{},{}
086543326628,{},{},{}
611809454245,{},{},{}
493171571614,{},{},{}
023519175784,{},{},{}
085335317354,{},{},{}
084325682763,{},{},{}
002707845121,{},{},{}
168460404821,{},{},{}
017671386020,{},{},{}
319967043951,{},{},{}
771792552773,{},{},{}
626574680117,{},{},{}
848612851096,{},{},{}
171087202614,{},{},{}
334174798707,{},{},{}
676430068723,{},{},{}
221456308442,{},{},{}
258679290927,{},{},{}
734614595912,{},{},{}
841264720045,{},{},{}
781932534932,{},{},{}
232166240272,{},{},{}
342772069316,{},{},{}
156948441918,{},{},{}
166119605982,{},{},{}
914553683693,{},{},{}
230142934522,{},{},{}
733636841126,{},{},{}
008038596225,{},{},{}
760129638561,{},{},{}
925099397004,{},{},{}
822949270890,{},{},{}
659803932591,{},{},{}
962596471981,{},{},{}
733128081529,{},{},{}
284095089231,{},{},{}
034228882313,{},{},{}
778747903115,{},{},{}
995045989310,{},{},{}
298981349581,{},{},{}
914812286491,{},{},{}
066422151301,{},{},{}
063453397211,{},{},{}
426726430480,{},{},{}
867874435187,{},{},{}
296334592945,{},{},{}
011653962787,{},{},{}
254588372176,{},{},{}
650971390890,{},{},{}
968888519131,{},{},{}
914446324188,{},{},{}
582722506093,{},{},{}
955010583173,{},{},{}
482126727886,{},{},{}
101511915730,{},{},{}
434331476691,{},{},{}
967768323091,{},{},{}
129895195600,{},{},{}
837896247293,{},{},{}
087109677440,{},{},{}
887787918700,{},{},{}
151625111619,{},{},{}
089893029732,{},{},{}
471005548697,{},{},{}
827239580084,{},{},{}
240628640319,{},{},{}
704254119060,{},{},{}
019991177202,{},{},{}
578274181376,{},{},{}
724828066977,{},{},{}
452030908228,{},{},{}
887040694585,{},{},{}
368915153588,{},{},{}
184887621724,{},{},{}
289658215999,{},{},{}
888362209096,{},{},{}
110050000436,{},{},{}
982967932472,{},{},{}
336578631208,{},{},{}
017787901955,{},{},{}
489572148655,{},{},{}
188515863893,{},{},{}
763189804177,{},{},{}
577823390518,{},{},{}
735223255105,{},{},{}
199924114070,{},{},{}
908511508333,{},{},{}
674335502703,{},{},{}
167021544710,{},{},{}
930160339230,{},{},{}
813396152214,{},{},{}
320629861692,{},{},{}
079634131231,{},{},{}
294152741191,{},{},{}
295717228771,{},{},{}
692733116242,{},{},{}
981122239725,{},{},{}
100937977634,{},{},{}
651844753470,{},{},{}
137000948101,{},{},{}
968191618534,{},{},{}
288995242456,{},{},{}
464053635676,{},{},{}
159776408547,{},{},{}
733400665858,{},{},{}
577813316010,{},{},{}
347287454210,{},{},{}
580475286585,{},{},{}
303050887434,{},{},{}
171049339183,{},{},{}
948744420835,{},{},{}
990929437855,{},{},{}
610097045349,{},{},{}
559862797313,{},{},{}
864340893036,{},{},{}
321819874939,{},{},{}
474899225365,{},{},{}
628751942552,{},{},{}
867095935487,{},{},{}
200318515864,{},{},{}
965929666253,{},{},{}
882567015510,{},{},{}
788375565153,{},{},{}
425768958722,{},{},{}
345626877909,{},{},{}
794229542901,{},{},{}
386580178493,{},{},{}
669382867473,{},{},{}
368881426255,{},{},{}
341748661553,{},{},{}
559794889050,{},{},{}
035428631616,{},{},{}
093156521369,{},{},{}
171018362710,{},{},{}
574363419664,{},{},{}
678959586420,{},{},{}
691358287705,{},{},{}
727182171473,{},{},{}
244274637237,{},{},{}
994113753193,{},{},{}
165884028993,{},{},{}
332921003027,{},{},{}
638854518002,{},{},{}
123629787185,{},{},{}
477694502629,{},{},{}
430679956923,{},{},{}
422120745867,{},{},{}
240693766586,{},{},{}
512168704007,{},{},{}
436305783618,{},{},{}
284789961679,{},{},{}
551332712325,{},{},{}
895039765607,{},{},{}
772853208062,{},{},{}
917092591960,{},{},{}
660941106486,{},{},{}
538253025507,{},{},{}
519387641990,{},{},{}
526039747929,{},{},{}
727031699664,{},{},{}
210321757880,{},{},{}
481923766152,{},{},{}
304508674372,{},{},{}
188401512273,{},{},{}
527594511481,{},{},{}
909954302384,{},{},{}
966720907791,{},{},{}
202859352393,{},{},{}
138953261968,{},{},{}
731335376763,{},{},{}
363843527598,{},{},{}
588167061614,{},{},{}
083811106375,{},{},{}
099691539522,{},{},{}
871024445848,{},{},{}
947441087893,{},{},{}
930756281255,{},{},{}
880394912128,{},{},{}
007186840540,{},{},{}
437839107133,{},{},{}
018398579272,{},{},{}
043411559297,{},{},{}
882763018676,{},{},{}
197536162851,{},{},{}
947212377464,{},{},{}
859612854376,{},{},{}
578257832810,{},{},{}
371413496434,{},{},{}
494557993046,{},{},{}
442636030835,{},{},{}
774491623260,{},{},{}
369460612183,{},{},{}
424598141824,{},{},{}
305260902391,{},{},{}
425407235142,{},{},{}
786486655356,{},{},{}
685012640021,{},{},{}
899520631162,{},{},{}
241173053719,{},{},{}
553394261140,{},{},{}
663448004341,{},{},{}
516923279013,{},{},{}
492691547650,{},{},{}
549142466489,{},{},{}
023152314452,{},{},{}
276688396649,{},{},{}
778142386367,{},{},{}
613752732975,{},{},{}
220602317929,{},{},{}
970662289532,{},{},{}
979105912724,{},{},{}
435962324200,{},{},{}
335981820481,{},{},{}
668937822324,{},{},{}
198728356231,{},{},{}
132522596416,{},{},{}
476468984059,{},{},{}
999644861599,{},{},{}
442802520419,{},{},{}
339155631136,{},{},{}
024328014223,{},{},{}
908563154374,{},{},{}
259961439829,{},{},{}
643168086120,{},{},{}
177617138271,{},{},{}
695724613856,{},{},{}
233601007844,{},{},{}
192169607597,{},{},{}
937281952274,{},{},{}
366645056214,{},{},{}
547584610548,{},{},{}
114623780891,{},{},{}
946144025156,{},{},{}
298873417985,{},{},{}
405914506163,{},{},{}
528561319401,{},{},{}
212072936343,{},{},{}
260940682568,{},{},{}
908232520894,{},{},{}
591649289048,{},{},{}
561237103885,{},{},{}
243661185892,{},{},{}
921569722960,{},{},{}
956773971100,{},{},{}
856500977599,{},{},{}
000341492321,{},{},{}
887330120638,{},{},{}
546744316612,{},{},{}
315903947267,{},{},{}
716160699586,{},{},{}
468926108032,{},{},{}
256087774197,{},{},{}
268375985778,{},{},{}
359037466321,{},{},{}
294568565762,{},{},{}
112761105343,{},{},{}
817194369744,{},{},{}
251728267717,{},{},{}
160758636929,{},{},{}
255874309583,{},{},{}
393443641292,{},{},{}
751515147483,{},{},{}
439191359806,{},{},{}
955476565721,{},{},{}
187451436558,{},{},{}
600169666925,{},{},{}
318904679512,{},{},{}
040287330378,{},{},{}
678181723451,{},{},{}
373270550052,{},{},{}
627466845289,{},{},{}
279696313461,{},{},{}
438447015817,{},{},{}
436204467059,{},{},{}
565677945535,{},{},{}
764760991587,{},{},{}
099664663329,{},{},{}
621905567121,{},{},{}
447171433251,{},{},{}
616669378710,{},{},{}
995755750639,{},{},{}
361858499717,{},{},{}
281587413373,{},{},{}
238647499433,{},{},{}
340617823870,{},{},{}
326044589816,{},{},{}
326922874062,{},{},{}
027785272456,{},{},{}
589609940416,{},{},{}
671631646648,{},{},{}
750744073320,{},{},{}
296312403214,{},{},{}
572650381534,{},{},{}
643601225642,{},{},{}
238486008665,{},{},{}
324738577779,{},{},{}
917842616731,{},{},{}
472780970199,{},{},{}
533261529892,{},{},{}
157389042308,{},{},{}
568983684783,{},{},{}
822928504378,{},{},{}
385490723199,{},{},{}
337319257653,{},{},{}
221294822215,{},{},{}
117694839340,{},{},{}
693744307204,{},{},{}
238322413645,{},{},{}
199995301327,{},{},{}
289581170277,{},{},{}
689525810159,{},{},{}
658122640833,{},{},{}
643034779917,{},{},{}
579180353283,{},{},{}
181604941662,{},{},{}
429549369186,{},{},{}
458836277991,{},{},{}
494284101425,{},{},{}
229917374077,{},{},{}
647948697220,{},{},{}
927617968082,{},{},{}
992372509325,{},{},{}
993394698279,{},{},{}
248577263589,{},{},{}
321288895994,{},{},{}
407428627713,{},{},{}
171969381303,{},{},{}
070742262338,{},{},{}
230021085931,{},{},{}
757454111043,{},{},{}
903119388270,{},{},{}
845131630706,{},{},{}
065027031079,{},{},{}
222795858682,{},{},{}
861785501375,{},{},{}
123283085567,{},{},{}
932417648575,{},{},{}
003004862212,{},{},{}
921537463328,{},{},{}
395809434238,{},{},{}
715366475444,{},{},{}
487238744551,{},{},{}
350934960495,{},{},{}
044999218714,{},{},{}
447847025140,{},{},{}
960179526559,{},{},{}
965715684835,{},{},{}
535498409386,{},{},{}
349801336912,{},{},{}
816866369926,{},{},{}
750550593429,{},{},{}
305957711670,{},{},{}
703742493473,{},{},{}
588715173610,{},{},{}
863158820798,{},{},{}
867600066941,{},{},{}
495152481018,{},{},{}
306659791132,{},{},{}
157309251630,{},{},{}
301893707603,{},{},{}
146686455316,{},{},{}
047161359695,{},{},{}
338842143868,{},{},{}
370673427173,{},{},{}
431143237039,{},{},{}
124849500627,{},{},{}
526652881468,{},{},{}
830246387610,{},{},{}
520521113800,{},{},{}
756897271020,{},{},{}
025438383107,{},{},{}
827396879721,{},{},{}
655885195612,{},{},{}
018564174048,{},{},{}
811354501081,{},{},{}
282224625159,{},{},{}
654644889827,{},{},{}
974510165391,{},{},{}
901177126691,{},{},{}
923691989022,{},{},{}
460089272374,{},{},{}
847475141245,{},{},{}
052192587725,{},{},{}
780973810383,{},{},{}
229971769561,{},{},{}
921182333156,{},{},{}
737063360416,{},{},{}
140364196617,{},{},{}
382353863802,{},{},{}
360165994639,{},{},{}
674631341086,{},{},{}
541204184778,{},{},{}
588417327215,{},{},{}
912213604499,{},{},{}
547846912253,{},{},{}
366346758874,{},{},{}
463775847246,{},{},{}
481362413976,{},{},{}
928431049997,{},{},{}
917905808600,{},{},{}
792542280091,{},{},{}
396724641594,{},{},{}
592486276020,{},{},{}
014103485929,{},{},{}
268626775858,{},{},{}
777423817000,{},{},{}
450656798070,{},{},{}
365453821135,{},{},{}
799830410428,{},{},{}
489025114878,{},{},{}
271830733694,{},{},{}
332586595594,{},{},{}
481100408892,{},{},{}
567786258834,{},{},{}
787823790859,{},{},{}
400701563222,{},{},{}
040772228247,{},{},{}
935131037681,{},{},{}
436376617835,{},{},{}
827194490181,{},{},{}
465620909993,{},{},{}
660216946626,{},{},{}
740168019072,{},{},{}
035849525891,{},{},{}
711554913160,{},{},{}
870389916629,{},{},{}
145395886125,{},{},{}
033581685642,{},{},{}
526404734993,{},{},{}
135944060453,{},{},{}
697578410287,{},{},{}
441286354940,{},{},{}
228779991541,{},{},{}
970787238224,{},{},{}
941606897258,{},{},{}
578837228027,{},{},{}
607522074926,{},{},{}
239004752903,{},{},{}
827332511824,{},{},{}
752758953387,{},{},{}
931332703320,{},{},{}
744435702453,{},{},{}
315612395944,{},{},{}
474393930207,{},{},{}
377288644825,{},{},{}
341002157316,{},{},{}
196799963377,{},{},{}
961058515102,{},{},{}
846174621337,{},{},{}
040622293383,{},{},{}
593952314896,{},{},{}
053553018517,{},{},{}
996145570667,{},{},{}
542432808757,{},{},{}
727459016877,{},{},{}
907846881592,{},{},{}
496825721343,{},{},{}
674530194632,{},{},{}
918474654496,{},{},{}
153955704305,{},{},{}
441122814627,{},{},{}
452651752356,{},{},{}
644079670846,{},{},{}
780047284968,{},{},{}
425680462157,{},{},{}
945075696507,{},{},{}
667513879749,{},{},{}
631385527005,{},{},{}
498337207473,{},{},{}
579908945167,{},{},{}
930885034986,{},{},{}
985460273357,{},{},{}
462510292282,{},{},{}
319397433025,{},{},{}
783943584851,{},{},{}
079949502673,{},{},{}
607185821690,{},{},{}
262555964769,{},{},{}
533684435601,{},{},{}
568929972367,{},{},{}
937046356337,{},{},{}
466688979598,{},{},{}
734052133333,{},{},{}
247923830836,{},{},{}
341166085467,{},{},{}
964828852866,{},{},{}
602617591952,{},{},{}
966578079137,{},{},{}
806239467048,{},{},{}
909106347324,{},{},{}
837826336320,{},{},{}
873961742805,{},{},{}
375134040034,{},{},{}
588471215728,{},{},{}
055446959668,{},{},{}
035368349909,{},{},{}
688134504538,{},{},{}
922970589521,{},{},{}
154214892885,{},{},{}
534243110376,{},{},{}
514594596721,{},{},{}
546291141570,{},{},{}
423619886707,{},{},{}
695814036065,{},{},{}
076784633130,{},{},{}
386560511382,{},{},{}
600280252304,{},{},{}
824498911545,{},{},{}
348799304778,{},{},{}
639562079506,{},{},{}
229702361976,{},{},{}
716857663683,{},{},{}
307244952252,{},{},{}
389582848333,{},{},{}
134327208915,{},{},{}
304332998789,{},{},{}
971586461334,{},{},{}
337935830239,{},{},{}
771716315316,{},{},{}
837962083934,{},{},{}
291256032766,{},{},{}
169682685819,{},{},{}
116176308003,{},{},{}
721842210734,{},{},{}
070450495437,{},{},{}
183213326472,{},{},{}
281970998856,{},{},{}
843616973913,{},{},{}
522756826388,{},{},{}
874866864224,{},{},{}
741896921700,{},{},{}
632363822282,{},{},{}
569070784821,{},{},{}
116398566176,{},{},{}
937637803130,{},{},{}
961656824063,{},{},{}
094278103918,{},{},{}
151879579918,{},{},{}
571660762974,{},{},{}
907609229567,{},{},{}
178987995767,{},{},{}
086526531575,{},{},{}
612175496940,{},{},{}
566213504415,{},{},{}
340582174161,{},{},{}
532424579607,{},{},{}
775866100436,{},{},{}
454841646125,{},{},{}
453734205238,{},{},{}
533779953472,{},{},{}
269103257073,{},{},{}
170946957467,{},{},{}
189319511582,{},{},{}
264283475014,{},{},{}
509972246354,{},{},{}
951044426966,{},{},{}
779439478036,{},{},{}
831939441811,{},{},{}
454444387507,{},{},{}
258497961020,{},{},{}
439051268612,{},{},{}
851910317227,{},{},{}
317215737712,{},{},{}
887501941527,{},{},{}
997198604564,{},{},{}
297935836495,{},{},{}
110928161540,{},{},{}
267429697459,{},{},{}
505607697290,{},{},{}
672573998102,{},{},{}
989318115912,{},{},{}
410482416542,{},{},{}
009725402601,{},{},{}
723086254785,{},{},{}
667588920881,{},{},{}
730535357568,{},{},{}
771001112285,{},{},{}
492231004680,{},{},{}
721562593242,{},{},{}
239226920126,{},{},{}
472615799104,{},{},{}
782870351523,{},{},{}
827403733259,{},{},{}
237855424011,{},{},{}
113723858344,{},{},{}
000414280205,{},{},{}
185054197136,{},{},{}
548762294213,{},{},{}
148713706001,{},{},{}
721805876865,{},{},{}
883576265849,{},{},{}
428762286640,{},{},{}
705453388736,{},{},{}
873456337552,{},{},{}
978230937002,{},{},{}
506944392175,{},{},{}
131355253259,{},{},{}
322399984509,{},{},{}
320996594600,{},{},{}
836901342905,{},{},{}
856285692419,{},{},{}
684337773473,{},{},{}
248566499066,{},{},{}
269054474619,{},{},{}
968160093004,{},{},{}
659588945635,{},{},{}
271077892318,{},{},{}
192483352076,{},{},{}
254499305689,{},{},{}
418452228698,{},{},{}
825212084983,{},{},{}
237334710167,{},{},{}
808486337133,{},{},{}
314758599227,{},{},{}
874330673493,{},{},{}
200983197271,{},{},{}
763363557066,{},{},{}
950963856325,{},{},{}
054783304658,{},{},{}
785960974742,{},{},{}
328837577541,{},{},{}
110402310613,{},{},{}
065439308254,{},{},{}
942033136699,{},{},{}
173351528700,{},{},{}
980722699627,{},{},{}
121292378978,{},{},{}
710135013113,{},{},{}
578406016952,{},{},{}
122140781382,{},{},{}
553818305711,{},{},{}
819440853322,{},{},{}
448967130315,{},{},{}
967527552117,{},{},{}
968100574145,{},{},{}
229484285754,{},{},{}
227603613024,{},{},{}
748946659090,{},{},{}
276115383697,{},{},{}
650156843550,{},{},{}
083476531750,{},{},{}
781764443409,{},{},{}
257123057483,{},{},{}
705294618835,{},{},{}
433114195199,{},{},{}
757331951533,{},{},{}
546112688365,{},{},{}
617600703704,{},{},{}
651620116179,{},{},{}
504805078463,{},{},{}
329290470167,{},{},{}
460715537535,{},{},{}
959272538322,{},{},{}
309666576238,{},{},{}
819744292926,{},{},{}
301492841061,{},{},{}
541764632571,{},{},{}
089595372816,{},{},{}
854016297513,{},{},{}
808361967304,{},{},{}
033609843722,{},{},{}
783031158117,{},{},{}
503300581279,{},{},{}
937665758093,{},{},{}
235757571696,{},{},{}
183753370414,{},{},{}
083315783533,{},{},{}
063348980407,{},{},{}
444815640379,{},{},{}
713708321094,{},{},{}
889970349812,{},{},{}
491599823713,{},{},{}
024722574050,{},{},{}
775787632478,{},{},{}
978223111520,{},{},{}
014447176337,{},{},{}
612701262787,{},{},{}
125651991960,{},{},{}
814035725238,{},{},{}
968766360180,{},{},{}
229901218583,{},{},{}
319110794989,{},{},{}
932667465444,{},{},{}
231312118698,{},{},{}
284674754297,{},{},{}
731827731325,{},{},{}
662496479878,{},{},{}
972395725435,{},{},{}
759520130590,{},{},{}
045564383436,{},{},{}
313230607689,{},{},{}
924728499578,{},{},{}
327652668628,{},{},{}
151906141053,{},{},{}
712656140762,{},{},{}
442721373878,{},{},{}
195949968467,{},{},{}
617254187903,{},{},{}
740683212866,{},{},{}
904521248126,{},{},{}
371087280947,{},{},{}
818966265625,{},{},{}
357765572412,{},{},{}
962606481138,{},{},{}
451299402877,{},{},{}
002955372879,{},{},{}
636180129054,{},{},{}
499166271864,{},{},{}
859390776215,{},{},{}
143176752323,{},{},{}
378943036559,{},{},{}
323093133762,{},{},{}
912587296710,{},{},{}
903430648834,{},{},{}
907698466051,{},{},{}
285483250419,{},{},{}
541761062215,{},{},{}
797593252734,{},{},{}
188992429338,{},{},{}
911472395480,{},{},{}
018917631570,{},{},{}
239052562713,{},{},{}
244931534877,{},{},{}
060238245817,{},{},{}
316748573337,{},{},{}
654560565469,{},{},{}
596173231321,{},{},{}
133590309076,{},{},{}
163157830081,{},{},{}
411920265962,{},{},{}
939782821853,{},{},{}
691977225115,{},{},{}
976560497239,{},{},{}
277611294677,{},{},{}
039048743099,{},{},{}
777576877237,{},{},{}
533817448773,{},{},{}
674386989842,{},{},{}
403853909915,{},{},{}
012097781419,{},{},{}
434632327812,{},{},{}
145445949691,{},{},{}
860642999982,{},{},{}
458022646883,{},{},{}
030212027041,{},{},{}
359260321935,{},{},{}
422563573064,{},{},{}
923963033145,{},{},{}
676502801430,{},{},{}
734870197474,{},{},{}
450142873853,{},{},{}
402026529860,{},{},{}
265953401626,{},{},{}
878949614955,{},{},{}
143903754709,{},{},{}
490824277348,{},{},{}
980173459379,{},{},{}
923451083140,{},{},{}
739539602007,{},{},{}
697528624905,{},{},{}
820593114817,{},{},{}
129269325561,{},{},{}
531175909074,{},{},{}
850743920615,{},{},{}
416490773906,{},{},{}
573489819566,{},{},{}
732551276785,{},{},{}
519545087414,{},{},{}
724904859815,{},{},{}
010026782678,{},{},{}
588114132984,{},{},{}
290542434433,{},{},{}
195307492924,{},{},{}
432569832568,{},{},{}
012346093241,{},{},{}
725898269514,{},{},{}
454728799632,{},{},{}
541481011135,{},{},{}
231324038807,{},{},{}
915373633251,{},{},{}
047897659858,{},{},{}
794809111496,{},{},{}
223160469223,{},{},{}
837815297665,{},{},{}
200857339978,{},{},{}
859567129059,{},{},{}
516158873673,{},{},{}
597196487223,{},{},{}
794206129387,{},{},{}
092234357273,{},{},{}
857538220142,{},{},{}
575328203520,{},{},{}
247101044685,{},{},{}
596628818498,{},{},{}
141401147862,{},{},{}
688628861687,{},{},{}
210024767193,{},{},{}
845096860050,{},{},{}
256245394866,{},{},{}
377801727699,{},{},{}
208126463977,{},{},{}
451414690889,{},{},{}
437479986717,{},{},{}
149637481647,{},{},{}
495721327162,{},{},{}
981684109418,{},{},{}
276977429478,{},{},{}
184803297051,{},{},{}
206603606170,{},{},{}
894370528245,{},{},{}
893561398992,{},{},{}
263035361535,{},{},{}
741983186868,{},{},{}
462840642287,{},{},{}
298236338875,{},{},{}
970690929251,{},{},{}
230485370824,{},{},{}
599007441649,{},{},{}
924799381142,{},{},{}
080118176286,{},{},{}
458059213817,{},{},{}
686393961300,{},{},{}
745051652823,{},{},{}
288852815211,{},{},{}
709460106987,{},{},{}
786583391036,{},{},{}
576938273059,{},{},{}
492606316132,{},{},{}
033200212110,{},{},{}
008364380020,{},{},{}
781024501462,{},{},{}
784940426570,{},{},{}
801984033558,{},{},{}
230615754519,{},{},{}
397388703170,{},{},{}
880222369794,{},{},{}
896490179313,{},{},{}
818099692910,{},{},{}
719072865867,{},{},{}
485046797331,{},{},{}
010404538888,{},{},{}
519666228420,{},{},{}
848079868524,{},{},{}
289123714134,{},{},{}
778841314605,{},{},{}
265986690102,{},{},{}
657591815176,{},{},{}
810444667882,{},{},{}
850484135453,{},{},{}
959717890610,{},{},{}
093505172709,{},{},{}
040977454866,{},{},{}
058462169259,{},{},{}
863192130441,{},{},{}
254017711327,{},{},{}
161439243770,{},{},{}
055172223562,{},{},{}
382657418772,{},{},{}
376130886573,{},{},{}
002547478403,{},{},{}
501437744230,{},{},{}
221311342435,{},{},{}
676747535015,{},{},{}
824876028671,{},{},{}
202473298804,{},{},{}
922206401600,{},{},{}
996044364052,{},{},{}
980582133337,{},{},{}
042667276965,{},{},{}
326996865760,{},{},{}
798458789848,{},{},{}
969023557687,{},{},{}
413042319020,{},{},{}
868082632820,{},{},{}
394642864138,{},{},{}
894306946050,{},{},{}
390769129602,{},{},{}
350216648128,{},{},{}
685567544423,{},{},{}
170632723911,{},{},{}
814218698292,{},{},{}
560678413096,{},{},{}
643442949536,{},{},{}
117890849251,{},{},{}
102029187082,{},{},{}
048719807477,{},{},{}
006232530718,{},{},{}
233104033553,{},{},{}
841504036351,{},{},{}
036135572489,{},{},{}
707809607622,{},{},{}
119284668515,{},{},{}
390964561205,{},{},{}
927804488548,{},{},{}
401169943215,{},{},{}
309276525933,{},{},{}
987285292354,{},{},{}
622898262546,{},{},{}
748457370869,{},{},{}
457487211152,{},{},{}
612623357186,{},{},{}
783333703397,{},{},{}
397191747653,{},{},{}
182676887252,{},{},{}
316670635335,{},{},{}
486122415520,{},{},{}
233586091484,{},{},{}
638416788037,{},{},{}
547918858691,{},{},{}
131316154373,{},{},{}
211946921272,{},{},{}
085975758788,{},{},{}
829015404859,{},{},{}
055713391972,{},{},{}
203778197825,{},{},{}
808637157652,{},{},{}
916201006523,{},{},{}
899691755554,{},{},{}
455952241032,{},{},{}
173915594552,{},{},{}
583216399867,{},{},{}
918818641809,{},{},{}
606128342417,{},{},{}
880679988047,{},{},{}
963332347772,{},{},{}
959430992022,{},{},{}
124224911466,{},{},{}
236236812916,{},{},{}
061616811638,{},{},{}
327437535583,{},{},{}
648654639499,{},{},{}
571221563120,{},{},{}
227490002960,{},{},{}
927403717600,{},{},{}
679047789933,{},{},{}
506590300391,{},{},{}
211886664715,{},{},{}
091821024306,{},{},{}
332504233466,{},{},{}
619990820814,{},{},{}
885997853877,{},{},{}
312509520381,{},{},{}
465633607330,{},{},{}
487113840307,{},{},{}
893163313699,{},{},{}
830545744585,{},{},{}
346371210943,{},{},{}
608566710381,{},{},{}
810931641675,{},{},{}
589648807546,{},{},{}
931119164920,{},{},{}
416566004561,{},{},{}
386388285634,{},{},{}
913951419518,{},{},{}
378055074787,{},{},{}
238445216708,{},{},{}
415421029627,{},{},{}
023842592844,{},{},{}
481206294052,{},{},{}
727167910438,{},{},{}
459430624318,{},{},{}
270998267830,{},{},{}
697718901594,{},{},{}
447007524417,{},{},{}
486764895886,{},{},{}
845178824770,{},{},{}
811495252487,{},{},{}
476841790891,{},{},{}
577014905201,{},{},{}
804504334389,{},{},{}
607051776409,{},{},{}
855395240964,{},{},{}
553923169139,{},{},{}
649623687878,{},{},{}
565322249204,{},{},{}
328809425027,{},{},{}
498962540418,{},{},{}
811888839083,{},{},{}
108782405252,{},{},{}
461075577861,{},{},{}
116282619256,{},{},{}
788145869439,{},{},{}
457022544967,{},{},{}
102315950375,{},{},{}
549072453321,{},{},{}
602951119104,{},{},{}
239010969514,{},{},{}
818475104266,{},{},{}
301189570896,{},{},{}
369417654004,{},{},{}
812346794361,{},{},{}
824360566918,{},{},{}
284906394012,{},{},{}
379887491136,{},{},{}
586487539644,{},{},{}
196893305098,{},{},{}
909003799181,{},{},{}
359246078649,{},{},{}
695110507484,{},{},{}
004275401204,{},{},{}
017478851464,{},{},{}
520601975788,{},{},{}
012760406821,{},{},{}
868734504485,{},{},{}
074584147090,{},{},{}
672331897655,{},{},{}
738636057540,{},{},{}
226016168564,{},{},{}
394886392670,{},{},{}
677454716907,{},{},{}
695928695292,{},{},{}
194924436036,{},{},{}
216008765055,{},{},{}
925472380314,{},{},{}
894192922176,{},{},{}
907045768405,{},{},{}
425297870535,{},{},{}
953970107834,{},{},{}
806599740388,{},{},{}
916070357870,{},{},{}
189448157062,{},{},{}
849807306445,{},{},{}
561408235279,{},{},{}
582815686588,{},{},{}
351720628239,{},{},{}
070273676207,{},{},{}
681939676006,{},{},{}
182474633357,{},{},{}
868010196234,{},{},{}
408178461246,{},{},{}
897270686968,{},{},{}
210721234690,{},{},{}
991023314762,{},{},{}
482015329355,{},{},{}
593513196553,{},{},{}
414507446825,{},{},{}
236188968236,{},{},{}
345615438407,{},{},{}
577258380804,{},{},{}
091559876334,{},{},{}
584183385414,{},{},{}
957300324296,{},{},{}
038570760409,{},{},{}
424400483417,{},{},{}
425158735767,{},{},{}
569421327998,{},{},{}
144165185448,{},{},{}
077579950085,{},{},{}
654875378950,{},{},{}
732813606556,{},{},{}
062064118502,{},{},{}
599926055451,{},{},{}
319407981576,{},{},{}
481632481461,{},{},{}
477915672453,{},{},{}
085492846104,{},{},{}
400383221160,{},{},{}
485309575288,{},{},{}
398706775177,{},{},{}
931230322370,{},{},{}
289869012681,{},{},{}
937798968818,{},{},{}
580991406652,{},{},{}
877053577560,{},{},{}
412425076562,{},{},{}
651024425651,{},{},{}
951673265549,{},{},{}
132815229001,{},{},{}
152798630693,{},{},{}
047049392857,{},{},{}
365473767502,{},{},{}
429794734982,{},{},{}
754172797482,{},{},{}
570887010543,{},{},{}
061876574208,{},{},{}
801599367307,{},{},{}
167664663076,{},{},{}
787654220762,{},{},{}
830089259290,{},{},{}
058239933091,{},{},{}
491817625287,{},{},{}
774666095535,{},{},{}
716564462084,{},{},{}
714957238297,{},{},{}
603461373318,{},{},{}
528508923159,{},{},{}
229311653747,{},{},{}
222479911711,{},{},{}
923630874863,{},{},{}
065894989021,{},{},{}
565522125662,{},{},{}
127697683657,{},{},{}
047420339743,{},{},{}
820306778463,{},{},{}
257549139810,{},{},{}
479560899874,{},{},{}
681667974611,{},{},{}
357586846620,{},{},{}
318877053153,{},{},{}
049128393114,{},{},{}
579156765646,{},{},{}
622954223790,{},{},{}
900009552522,{},{},{}
715384482884,{},{},{}
274659940774,{},{},{}
144832337987,{},{},{}
530966746929,{},{},{}
969796600567,{},{},{}
903466878911,{},{},{}
398402674686,{},{},{}
023956864915,{},{},{}
718086402875,{},{},{}
037415462017,{},{},{}
162210845875,{},{},{}
218695866904,{},{},{}
154884612836,{},{},{}
116823603137,{},{},{}
703465999154,{},{},{}
772492163250,{},{},{}
561715277717,{},{},{}
446494680142,{},{},{}
763655545566,{},{},{}
654843123868,{},{},{}
164274070812,{},{},{}
003031919170,{},{},{}
002614073802,{},{},{}
708353905992,{},{},{}
998337678766,{},{},{}
874136851424,{},{},{}
177491584042,{},{},{}
799540709713,{},{},{}
902500033663,{},{},{}
817201331743,{},{},{}
308817350933,{},{},{}
769933475877,{},{},{}
749690013988,{},{},{}
181815335179,{},{},{}
285785012249,{},{},{}
550579582888,{},{},{}
959067352699,{},{},{}
515912114613,{},{},{}
675550913688,{},{},{}
748924073376,{},{},{}
769264815229,{},{},{}
551040600318,{},{},{}
619351446148,{},{},{}
381482453044,{},{},{}
234719502449,{},{},{}
726705902875,{},{},{}
512608166099,{},{},{}
303295900194,{},{},{}
174496680114,{},{},{}
888205427063,{},{},{}
974906137219,{},{},{}
249992677903,{},{},{}
766675379212,{},{},{}
528209239018,{},{},{}
225273680873,{},{},{}
806216833908,{},{},{}
725961506128,{},{},{}
498113398433,{},{},{}
962545833202,{},{},{}
192898063308,{},{},{}
683314346551,{},{},{}
977426336665,{},{},{}
857718499059,{},{},{}
177703882244,{},{},{}
552102216911,{},{},{}
536437918771,{},{},{}
853278322775,{},{},{}
131018167861,{},{},{}
139066052205,{},{},{}
908713323295,{},{},{}
629579266388,{},{},{}
268337075931,{},{},{}
364981971481,{},{},{}
157331105173,{},{},{}
739830812197,{},{},{}
460594214602,{},{},{}
317906910373,{},{},{}
993760545646,{},{},{}
720567237903,{},{},{}
882660015542,{},{},{}
853063089763,{},{},{}
164306339826,{},{},{}
215986739963,{},{},{}
391917438602,{},{},{}
813659588475,{},{},{}
886979003624,{},{},{}
156917398238,{},{},{}
805428152566,{},{},{}
249390725795,{},{},{}
508057475812,{},{},{}
757694556065,{},{},{}
786889033693,{},{},{}
656685229728,{},{},{}
011694061585,{},{},{}
131224750159,{},{},{}
384802731801,{},{},{}
809517463504,{},{},{}
915060711770,{},{},{}
147065105077,{},{},{}
461912259937,{},{},{}
296894632977,{},{},{}
970446903253,{},{},{}
254472371429,{},{},{}
963636834802,{},{},{}
768444147701,{},{},{}
057770274455,{},{},{}
274417050493,{},{},{}
754002712401,{},{},{}
246742417159,{},{},{}
152651766925,{},{},{}
947048486002,{},{},{}
296850782505,{},{},{}
030897736926,{},{},{}
575536382343,{},{},{}
631750094718,{},{},{}
265818521935,{},{},{}
037353986003,{},{},{}
476062925128,{},{},{}
655379626176,{},{},{}
544844654579,{},{},{}
888784653078,{},{},{}
974555447857,{},{},{}
650289664787,{},{},{}
994426753300,{},{},{}
169412857597,{},{},{}
495450423966,{},{},{}
404770187476,{},{},{}
067869924839,{},{},{}
588040102992,{},{},{}
463632050814,{},{},{}
116680559434,{},{},{}
371164399562,{},{},{}
258940737165,{},{},{}
685229284706,{},{},{}
290403258661,{},{},{}
445429686195,{},{},{}
295413845141,{},{},{}
672317779149,{},{},{}
435180639993,{},{},{}
466942545325,{},{},{}
554148374009,{},{},{}
447761564342,{},{},{}
677542254224,{},{},{}
839364031434,{},{},{}
704498436804,{},{},{}
858985939457,{},{},{}
422123406390,{},{},{}
429969742123,{},{},{}
928435390395,{},{},{}
191922027147,{},{},{}
723363418892,{},{},{}
690105576423,{},{},{}
751551951973,{},{},{}
035919389890,{},{},{}
508378370412,{},{},{}
070820430027,{},{},{}
929412731863,{},{},{}
